comparison,baseline_rate,condition_rate,reduction,ci_low,ci_high,p_value,test,significant
Heuristic vs No Defense,0.15285714285714286,0.06571428571428571,0.08714285714285715,0.0542857142857143,0.11857142857142856,2.7520248822612386e-07,Chi-squared,True
Mild FW vs No Defense,0.15285714285714286,0.11857142857142858,0.03428571428571428,-0.002857142857142836,0.06857142857142856,0.07268141636530179,Chi-squared,False
Moderate FW vs No Defense,0.15285714285714286,0.06428571428571428,0.08857142857142858,0.057142857142857134,0.12003571428571426,1.60225459534543e-07,Chi-squared,True
Aggressive FW vs No Defense,0.15285714285714286,0.08714285714285715,0.06571428571428571,0.03,0.09999999999999999,0.00021476985783018342,Chi-squared,True
